TS_ID,TS_GROUP,TRAINING_WINDOW,PREDICTION_WINDOW,MODEL,TS_METRIC,RMSE,SMAPE,R2_SCORE,TRAINING_TIME,PREDICTION_TIME,N_SAMPLES,N_MISSING
0,institutions,24,24,LSTM,n_bytes,20283097045.002983,29.025347358091473,0.6406952618833454,0.45354342460632324,0.0,168,0
1,institutions,24,24,LSTM,n_bytes,17893248712.957664,30.015237769678897,0.3926313994393825,0.4020817279815674,0.0,168,0
2,institutions,24,24,LSTM,n_bytes,35508520187.89679,32.06702517705271,0.17708060270717618,0.3073890209197998,0.0,168,0
3,institutions,24,24,LSTM,n_bytes,9181189644.671143,39.04242272884868,0.4980205060729126,0.33471107482910156,0.0,168,0
4,institutions,24,24,LSTM,n_bytes,124933092.19096239,125.77447582603554,0.3163267194547035,0.2614130973815918,0.0,168,0
5,institutions,24,24,LSTM,n_bytes,1088646166.8811083,140.0899719906223,0.13590306910546712,0.1795971393585205,0.0,168,0
6,institutions,24,24,LSTM,n_bytes,195597914.60651734,111.24769329526465,-0.057778898774705434,0.138441801071167,0.0,168,0
7,institutions,24,24,LSTM,n_bytes,305802124.2853934,148.66849920059823,0.11655790714973091,0.15876388549804688,0.0,168,0
8,institutions,24,24,LSTM,n_bytes,84796363.55589868,156.49856580204175,0.13250028854465778,0.13720083236694336,0.0,168,0
9,institutions,24,24,LSTM,n_bytes,4381693189.077882,52.28495612929295,0.2053963531381935,0.2784140110015869,0.0,168,0
10,institutions,24,24,LSTM,n_bytes,2109182003.2313483,83.93044818774217,0.22365526943263003,0.1504521369934082,0.0,168,0
11,institutions,24,24,LSTM,n_bytes,1445144713.4454494,127.84460110679919,0.015431978897954335,0.20564818382263184,0.0,168,0
12,institutions,24,24,LSTM,n_bytes,740281534.2000995,99.71426232218276,0.11742584321492644,0.11355876922607422,0.0,168,0
13,institutions,24,24,LSTM,n_bytes,931176409.4380566,110.05455327522719,-0.23970332753674484,0.17937946319580078,0.0,168,0
14,institutions,24,24,LSTM,n_bytes,470594222.98073274,127.1537077731403,0.028014930945425398,0.29158806800842285,0.0,168,0
15,institutions,24,24,LSTM,n_bytes,358020162.17085344,107.52968565159222,0.0677941084606154,0.19666337966918945,0.0,168,0
16,institutions,24,24,LSTM,n_bytes,232665731.75213048,90.06544569383558,0.17967482801237733,0.11410117149353027,0.0,168,0
17,institutions,24,24,LSTM,n_bytes,598617332.554581,84.71545876236878,0.0681154060431799,0.15092897415161133,0.0,168,0
18,institutions,24,24,LSTM,n_bytes,123128989.65629356,99.27065016884285,0.17001630771891518,0.12901020050048828,0.0,168,0
19,institutions,24,24,LSTM,n_bytes,715246479.3137548,132.79204040374682,-0.006317120364879747,0.23020577430725098,0.0,168,0
20,institutions,24,24,LSTM,n_bytes,207183024.69651672,93.68003884703083,0.009163964820749326,0.08968305587768555,0.0,168,0
21,institutions,24,24,LSTM,n_bytes,2749810103.89466,196.02415041282435,0.013466505952885233,0.21466326713562012,0.0,168,0
22,institutions,24,24,LSTM,n_bytes,2605758982.0520735,51.54418050815218,0.2547617120039958,0.29189085960388184,0.0,168,0
23,institutions,24,24,LSTM,n_bytes,4320517316.202396,35.071683135899164,0.6488094326462108,0.44983863830566406,0.0,168,0
24,institutions,24,24,LSTM,n_bytes,411395186.8088192,62.446581758982965,-0.06750138653920801,0.15697383880615234,0.0,168,0
25,institutions,24,24,LSTM,n_bytes,332550827.471819,55.166453512048605,0.14041383744446767,0.29892873764038086,0.0,168,0
26,institutions,24,24,LSTM,n_bytes,793880487.1828808,63.03727966052085,0.002557891566508319,0.12252044677734375,0.0,168,0
27,institutions,24,24,LSTM,n_bytes,862624666.5397978,44.46262026840231,0.13532753066417513,0.47614526748657227,0.0,168,0
28,institutions,24,24,LSTM,n_bytes,371229731.4992679,54.25396459283066,0.07125489877113966,0.3176267147064209,0.0,168,0
29,institutions,24,24,LSTM,n_bytes,740472637.6445249,63.6053937051285,0.013247138418561843,0.19465255737304688,0.0,168,0
30,institutions,24,24,LSTM,n_bytes,366342995.8514936,50.46913078190634,0.018379922281534844,0.17726349830627441,0.0,168,0
31,institutions,24,24,LSTM,n_bytes,1288202452.4131591,55.513898104954364,0.04804836044604521,0.26016855239868164,0.0,168,0
32,institutions,24,24,LSTM,n_bytes,1009880980.3279004,40.28580625205851,0.07412611723734508,0.18256783485412598,0.0,168,0
33,institutions,24,24,LSTM,n_bytes,1523325150.5151436,50.423084869566516,0.09890129595409836,0.13169336318969727,0.0,168,0
34,institutions,24,24,LSTM,n_bytes,1371159380.1801283,76.87894579952118,0.29618664700492636,0.2108457088470459,0.0,168,0
35,institutions,24,24,LSTM,n_bytes,148395948.39804047,88.89302734599272,0.1848879091921275,0.12662816047668457,0.0,168,0
36,institutions,24,24,LSTM,n_bytes,685599567.3117613,65.91162407803579,0.13650758647388006,0.13960981369018555,0.0,168,0
37,institutions,24,24,LSTM,n_bytes,6324.5381806376345,58.50882660963642,-2.5455107629867686,0.14217758178710938,0.0,168,0
38,institutions,24,24,LSTM,n_bytes,526531313.94581234,122.68761606038878,0.06125822349474497,0.15539121627807617,0.0,168,0
39,institutions,24,24,LSTM,n_bytes,1756564942.4720097,121.10054681774416,0.14673980949353327,0.15256285667419434,0.0,168,0
40,institutions,24,24,LSTM,n_bytes,259173179.48758462,84.41355155867618,0.35376616292566976,0.3577113151550293,0.0,168,0
41,institutions,24,24,LSTM,n_bytes,477412113.1524891,97.16306504757307,0.34155196521607845,0.26233506202697754,0.0,168,0
42,institutions,24,24,LSTM,n_bytes,191565233.7552094,101.92730414506957,0.23154165906218405,0.18732452392578125,0.0,168,0
43,institutions,24,24,LSTM,n_bytes,324426431.2624928,129.7934805084765,0.12821362674037518,0.17147254943847656,0.0,168,0
45,institutions,24,24,LSTM,n_bytes,339337410.15672415,123.96517244263778,0.25044163047497714,0.13287711143493652,0.0,168,0
46,institutions,24,24,LSTM,n_bytes,255135676.23624873,122.74323907898383,0.1841250173327149,0.23597478866577148,0.0,168,0
47,institutions,24,24,LSTM,n_bytes,28617.74742734586,68.55185101241587,-0.6204682057824438,0.28203582763671875,0.0,168,0
48,institutions,24,24,LSTM,n_bytes,15315769855.253857,29.335451055750493,0.5157992919759267,0.3877828121185303,0.0,168,0
49,institutions,24,24,LSTM,n_bytes,41304974241.12241,52.25500405804282,0.06282133871203843,0.19515514373779297,0.0,168,0
50,institutions,24,24,LSTM,n_bytes,6291942069.238236,39.833635320625284,0.5177320930809203,0.22168803215026855,0.0,168,0
51,institutions,24,24,LSTM,n_bytes,11088252.997325517,155.29630057253289,-0.09087335640245953,0.10669732093811035,0.0,168,0
52,institutions,24,24,LSTM,n_bytes,3227706691.6768703,48.58069350025993,0.41766739220037474,0.3939981460571289,0.0,168,0
53,institutions,24,24,LSTM,n_bytes,6495205260.522221,33.51315741781518,0.6346393258248114,0.2982518672943115,0.0,168,0
54,institutions,24,24,LSTM,n_bytes,279643954.31884634,118.02166241350996,0.162060505268959,0.11613297462463379,0.0,168,0
55,institutions,24,24,LSTM,n_bytes,2561044797.5388317,38.19609918527788,0.4662230416533968,0.27699708938598633,0.0,168,0
56,institutions,24,24,LSTM,n_bytes,4747994838.213243,46.64634836095295,0.46168309015860554,0.2523627281188965,0.0,168,0
57,institutions,24,24,LSTM,n_bytes,6663986533.0115795,39.735966572625514,0.47940105160809177,0.22417640686035156,0.0,168,0
58,institutions,24,24,LSTM,n_bytes,164594893.18160626,105.82075948325998,0.17212794074600435,0.2244725227355957,0.0,168,0
59,institutions,24,24,LSTM,n_bytes,4155090633.654898,45.28130386556372,0.4320656261902307,0.27782559394836426,0.0,168,0
60,institutions,24,24,LSTM,n_bytes,1132451275.4767928,47.70754982306279,0.09242899288988271,0.1408672332763672,0.0,168,0
61,institutions,24,24,LSTM,n_bytes,25377772793.541115,35.77468360858041,0.07579171381419325,0.2732574939727783,0.0,168,0
62,institutions,24,24,LSTM,n_bytes,554046680.0904579,148.41481343533886,0.19326794599692687,0.20783329010009766,0.0,168,0
63,institutions,24,24,LSTM,n_bytes,289432134.5357364,134.83362429228106,0.20139265800695405,0.16575837135314941,0.0,168,0
64,institutions,24,24,LSTM,n_bytes,410720185.64782083,95.30263293043576,0.2959891224200468,0.3963172435760498,0.0,168,0
65,institutions,24,24,LSTM,n_bytes,450038823.5954551,115.00924932507206,0.21666649527537907,0.15683484077453613,0.0,168,0
66,institutions,24,24,LSTM,n_bytes,659003706.9653379,70.5728786838691,0.12763963923593935,0.17166852951049805,0.0,168,0
67,institutions,24,24,LSTM,n_bytes,2645643562.7116847,58.23586444711476,0.230991225025724,0.28679537773132324,0.0,168,0
68,institutions,24,24,LSTM,n_bytes,4572149485.081223,35.80462981048696,0.4714966782243678,0.298886775970459,0.0,168,0
69,institutions,24,24,LSTM,n_bytes,1007248295.6781927,73.4988487557588,0.2176916997168653,0.1376645565032959,0.0,168,0
70,institutions,24,24,LSTM,n_bytes,577857377.4287249,124.00564709334316,0.3758217953999131,0.3308401107788086,0.0,168,0
71,institutions,24,24,LSTM,n_bytes,154808127.74025303,116.78838754874967,0.24726010566223466,0.11152529716491699,0.0,168,0
72,institutions,24,24,LSTM,n_bytes,90171550.92920923,145.45308225564696,0.22361304216279765,0.16048216819763184,0.0,168,0
73,institutions,24,24,LSTM,n_bytes,538989234.229284,160.94614954046483,0.22827167316082642,0.30765867233276367,0.0,168,0
74,institutions,24,24,LSTM,n_bytes,2210215659.650435,52.04902469002269,0.35423036175731004,0.36446332931518555,0.0,168,0
75,institutions,24,24,LSTM,n_bytes,2620777051.56349,50.53561887043136,0.058149591337321116,0.3165743350982666,0.0,168,0
76,institutions,24,24,LSTM,n_bytes,385446514.8274324,131.12846210809545,0.2156783442754333,0.274477481842041,0.0,168,0
77,institutions,24,24,LSTM,n_bytes,245606640.65457174,79.06679057413052,-0.05477525810561179,0.12564921379089355,0.0,168,0
78,institutions,24,24,LSTM,n_bytes,2277138384.9579697,74.49324216134822,-0.0253928126766072,0.09508395195007324,0.0,168,0
79,institutions,24,24,LSTM,n_bytes,355441491.5694589,66.81179100067604,0.1095709041225974,0.13094687461853027,0.0,168,0
80,institutions,24,24,LSTM,n_bytes,2469383871.8423886,34.7391831462203,0.3975333989206481,0.15687155723571777,0.0,168,0
81,institutions,24,24,LSTM,n_bytes,218119526.5283526,62.68173649058543,0.17691351753692697,0.4517478942871094,0.0,168,0
82,institutions,24,24,LSTM,n_bytes,108154058.60626207,131.57707605667727,0.09540671970027215,0.14840316772460938,0.0,168,0
83,institutions,24,24,LSTM,n_bytes,618279291.2818663,99.69345250109815,-0.12457855488886138,0.2236623764038086,0.0,168,0
84,institutions,24,24,LSTM,n_bytes,251812832.09528682,61.06896189753343,0.015605955923012504,0.5029482841491699,0.0,168,0
85,institutions,24,24,LSTM,n_bytes,236392743.82750925,72.15766398526289,0.0716998179311783,0.1474316120147705,0.0,168,0
86,institutions,24,24,LSTM,n_bytes,779846980.9936136,78.03573825561979,0.20634471242064933,0.15987634658813477,0.0,168,0
87,institutions,24,24,LSTM,n_bytes,2014963744.224973,72.68681645040508,-0.006591805178886689,0.10979533195495605,0.0,168,0
88,institutions,24,24,LSTM,n_bytes,501244292.40406513,91.40151993364887,0.4910859460264445,0.3345203399658203,0.0,168,0
89,institutions,24,24,LSTM,n_bytes,2040686591.531638,91.93491423792271,-0.07041229844001773,0.1384749412536621,0.0,168,0
90,institutions,24,24,LSTM,n_bytes,1204411535.813311,50.02677117964337,0.2301303042555759,0.34163451194763184,0.0,168,0
91,institutions,24,24,LSTM,n_bytes,517169230.1706451,115.54877635493519,0.1627062567545423,0.337324857711792,0.0,168,0
92,institutions,24,24,LSTM,n_bytes,153956432.81583703,145.8326116870192,0.02831337965405767,0.18410730361938477,0.0,168,0
93,institutions,24,24,LSTM,n_bytes,1397488409.9325473,140.69520159286304,0.28288428660062914,0.23549652099609375,0.0,168,0
94,institutions,24,24,LSTM,n_bytes,1254152804.6450484,48.98148841065795,0.40653028770405364,0.33985042572021484,0.0,168,0
95,institutions,24,24,LSTM,n_bytes,743952025.4035218,53.24922583264859,0.2634257868379035,0.2952759265899658,0.0,168,0
96,institutions,24,24,LSTM,n_bytes,295323611.96878445,91.4274784729525,0.21815368659604417,0.3400912284851074,0.0,168,0
97,institutions,24,24,LSTM,n_bytes,2340379593.055866,64.08431090589495,0.09167884607462407,0.14340758323669434,0.0,168,0
98,institutions,24,24,LSTM,n_bytes,961876820.9936794,87.19625484386225,-0.10986799486757892,0.10984635353088379,0.0,168,0
99,institutions,24,24,LSTM,n_bytes,283507924.2714597,142.92410801709502,0.2356808987660337,0.3263702392578125,0.0,168,0
100,institutions,24,24,LSTM,n_bytes,286905016.5555995,89.83289232489824,0.2563443950475227,0.18021059036254883,0.0,168,0
101,institutions,24,24,LSTM,n_bytes,2092851769.2529335,81.18171162040271,0.1737121807186479,0.1054081916809082,0.0,168,0
102,institutions,24,24,LSTM,n_bytes,175394900.530428,128.44984265264097,0.22074746326060957,0.209625244140625,0.0,168,0
103,institutions,24,24,LSTM,n_bytes,97700733.11427589,79.73816867081284,0.057224164603112304,0.20320749282836914,0.0,168,0
104,institutions,24,24,LSTM,n_bytes,865993634.1210309,59.53130682218454,0.22613573483442928,0.1447925567626953,0.0,168,0
105,institutions,24,24,LSTM,n_bytes,1559952883.5556996,59.760805832720024,0.18603349389738633,0.28824925422668457,0.0,168,0
106,institutions,24,24,LSTM,n_bytes,1203281527.8455794,37.173867996617815,0.3014784300270208,0.43408823013305664,0.0,168,0
107,institutions,24,24,LSTM,n_bytes,405430336.74271613,145.5590885919744,0.361984571715423,0.28952956199645996,0.0,168,0
108,institutions,24,24,LSTM,n_bytes,1738266699.6451805,33.59127013867169,0.34122190888455517,0.16568231582641602,0.0,168,0
109,institutions,24,24,LSTM,n_bytes,2353549179.980754,37.29475109079819,0.2567889057577387,0.15778756141662598,0.0,168,0
110,institutions,24,24,LSTM,n_bytes,1100382887.1249068,126.65639266505333,0.02449502154722849,0.10989546775817871,0.0,168,0
111,institutions,24,24,LSTM,n_bytes,449892068.5776016,77.37413695977388,0.0793098839580143,0.1239633560180664,0.0,168,0
112,institutions,24,24,LSTM,n_bytes,175018303.10341883,114.96841888513659,0.1392223879675465,0.12296557426452637,0.0,168,0
113,institutions,24,24,LSTM,n_bytes,2197960143.850244,41.64571333555476,0.15161266287017183,0.1554889678955078,0.0,168,0
114,institutions,24,24,LSTM,n_bytes,544571808.7596942,104.94362782226123,0.19224155831534384,0.3030829429626465,0.0,168,0
115,institutions,24,24,LSTM,n_bytes,904424541.2563646,133.30890392998455,0.12472139562872231,0.14122509956359863,0.0,168,0
116,institutions,24,24,LSTM,n_bytes,449744394.36129284,54.20462948122719,0.08861997658333254,0.13998103141784668,0.0,168,0
117,institutions,24,24,LSTM,n_bytes,208841697.42033538,103.21458585090684,0.16929802753103051,0.1937422752380371,0.0,168,0
118,institutions,24,24,LSTM,n_bytes,12005116.785535295,48.387673277871315,0.015946787900144477,0.296339750289917,0.0,168,0
119,institutions,24,24,LSTM,n_bytes,2395457008.4896894,35.65712971836048,0.1418703572489194,0.11275506019592285,0.0,168,0
120,institutions,24,24,LSTM,n_bytes,423083779.15934664,46.26450699475401,0.13222374510460333,0.19834327697753906,0.0,168,0
121,institutions,24,24,LSTM,n_bytes,1092144.1425687377,18.851757408882477,0.030849004830228233,0.19146180152893066,0.0,168,0
122,institutions,24,24,LSTM,n_bytes,230697321.03832144,93.38365624709009,0.06393648984779499,0.12613296508789062,0.0,168,0
123,institutions,24,24,LSTM,n_bytes,1221856049.7822194,59.110794148725766,0.20221426416645227,0.13626980781555176,0.0,168,0
124,institutions,24,24,LSTM,n_bytes,485625841.21043706,81.15315129891427,0.3096306887784612,0.36043667793273926,0.0,168,0
125,institutions,24,24,LSTM,n_bytes,606047952.9539012,40.7367067457081,0.09130064216216527,0.3424489498138428,0.0,168,0
126,institutions,24,24,LSTM,n_bytes,627821790.5773522,56.67002265603905,0.0020013885526961595,0.1393108367919922,0.0,168,0
127,institutions,24,24,LSTM,n_bytes,294248391.43293774,127.16197966248133,0.10218409509632398,0.13715600967407227,0.0,168,0
128,institutions,24,24,LSTM,n_bytes,1283143910.0324388,89.22692626039847,0.046722079265719696,0.4828071594238281,0.0,168,0
129,institutions,24,24,LSTM,n_bytes,453988831.5085921,85.00820088654454,0.2352639806394471,0.2546262741088867,0.0,168,0
130,institutions,24,24,LSTM,n_bytes,527972817.2996092,47.932732924236085,0.10714857676413292,0.3306739330291748,0.0,168,0
131,institutions,24,24,LSTM,n_bytes,475120044.91319066,48.08046147753234,0.043766242988655946,0.1270914077758789,0.0,168,0
132,institutions,24,24,LSTM,n_bytes,709610301.5972625,104.32306641519284,0.09974055628004219,0.21394801139831543,0.0,168,0
133,institutions,24,24,LSTM,n_bytes,178643970.2828039,82.83410590282544,0.07176042134061589,0.1277320384979248,0.0,168,0
134,institutions,24,24,LSTM,n_bytes,562743162.6463629,87.90574985725532,0.013014887869331249,0.10443711280822754,0.0,168,0
135,institutions,24,24,LSTM,n_bytes,219018534.6653046,71.64900492860642,0.06490491378286678,0.30835628509521484,0.0,168,0
136,institutions,24,24,LSTM,n_bytes,722382841.6819202,80.35169856186644,0.07342910640240208,0.12944293022155762,0.0,168,0
137,institutions,24,24,LSTM,n_bytes,3326486809.202675,85.68504263487316,-0.1955867084460179,0.20877623558044434,0.0,168,0
138,institutions,24,24,LSTM,n_bytes,747302781.291126,70.22940541940126,0.20233748718358868,0.43826723098754883,0.0,168,0
139,institutions,24,24,LSTM,n_bytes,453187152.3143453,154.15505143762275,0.17745130969914613,0.14619708061218262,0.0,168,0
140,institutions,24,24,LSTM,n_bytes,227880890.97383076,194.63602641838466,-8.29866883046619,0.13318848609924316,0.0,168,0
141,institutions,24,24,LSTM,n_bytes,346207258.8959557,87.60005005774313,0.2287008784219845,0.358107328414917,0.0,168,0
142,institutions,24,24,LSTM,n_bytes,145207828.09553492,91.80769272715035,0.040308503380102056,0.13617300987243652,0.0,168,0
143,institutions,24,24,LSTM,n_bytes,344488604.5455794,91.89629262023234,0.0660382584217416,0.1541149616241455,0.0,168,0
144,institutions,24,24,LSTM,n_bytes,424014329.08659345,94.86559519816221,0.19305462730788703,0.18601751327514648,0.0,168,0
145,institutions,24,24,LSTM,n_bytes,266500960.71890196,101.10416730359786,0.3171006239368057,0.11514139175415039,0.0,168,0
146,institutions,24,24,LSTM,n_bytes,302538031.80287164,85.85628775514729,0.06248610295617396,0.4720115661621094,0.0,168,0
147,institutions,24,24,LSTM,n_bytes,773661867.307348,127.71326822586384,0.21779866634960954,0.17020726203918457,0.0,168,0
148,institutions,24,24,LSTM,n_bytes,399004494.6163129,175.92315319051355,0.025059072587447995,0.15400910377502441,0.0,168,0
149,institutions,24,24,LSTM,n_bytes,242431948.70582834,119.10007791017176,0.25310440335779527,0.25724196434020996,0.0,168,0
150,institutions,24,24,LSTM,n_bytes,180969190.26170674,116.18885575633024,0.11273101201635782,0.2975764274597168,0.0,168,0
151,institutions,24,24,LSTM,n_bytes,198143760.4696942,142.75541752030693,0.28709812602446916,0.24567270278930664,0.0,168,0
152,institutions,24,24,LSTM,n_bytes,264421146.9854964,110.39407569194172,0.27937441336830304,0.2859303951263428,0.0,168,0
153,institutions,24,24,LSTM,n_bytes,161419519.8852463,76.85251909115766,0.03956554591720762,0.27822065353393555,0.0,168,0
154,institutions,24,24,LSTM,n_bytes,101695975.96204902,109.18479676995065,-0.5724548412220913,0.30846405029296875,0.0,168,0
155,institutions,24,24,LSTM,n_bytes,228958495.49254152,76.39500789397972,0.10375993838800723,0.13393306732177734,0.0,168,0
156,institutions,24,24,LSTM,n_bytes,942044683.2666903,45.95397449111537,0.032235104230546874,0.20549416542053223,0.0,168,0
157,institutions,24,24,LSTM,n_bytes,172120945.03661576,107.48989740400509,0.22856997085957909,0.20151329040527344,0.0,168,0
158,institutions,24,24,LSTM,n_bytes,73629650.0371256,115.9120801216953,0.19386485764046224,0.2686448097229004,0.0,168,0
159,institutions,24,24,LSTM,n_bytes,142245289.8005146,140.15885554720828,-0.06596649274300326,0.09575438499450684,0.0,168,0
160,institutions,24,24,LSTM,n_bytes,134359412.34631255,104.4615152450231,-0.15831967503874234,0.10914945602416992,0.0,168,0
161,institutions,24,24,LSTM,n_bytes,255883493.9568336,95.74675989101287,0.2423518112277503,0.13877367973327637,0.0,168,0
162,institutions,24,24,LSTM,n_bytes,34895119.97985621,146.97963879531508,0.04686307114545096,0.11092567443847656,0.0,168,0
163,institutions,24,24,LSTM,n_bytes,194867891.23761153,152.7295075419386,0.032043728649049474,0.20309233665466309,0.0,168,0
164,institutions,24,24,LSTM,n_bytes,978669216.8565452,75.14494468817179,0.1421603753570928,0.16656088829040527,0.0,168,0
165,institutions,24,24,LSTM,n_bytes,761525042.4549993,78.89702779826499,0.09005259008593836,0.4060862064361572,0.0,168,0
166,institutions,24,24,LSTM,n_bytes,214936867.88857386,80.67685549093405,0.14011417776923119,0.35093164443969727,0.0,168,0
167,institutions,24,24,LSTM,n_bytes,777656357.3239896,77.09747506143187,0.19274760812821734,0.16392064094543457,0.0,168,0
168,institutions,24,24,LSTM,n_bytes,775331827.124197,48.64182105856332,0.15988638841434166,0.38640427589416504,0.0,168,0
169,institutions,24,24,LSTM,n_bytes,481916453.39814085,68.93921419721035,0.09011308783058203,0.4043548107147217,0.0,168,0
170,institutions,24,24,LSTM,n_bytes,250521696.81365103,78.17389605674006,0.11140111115094198,0.13317298889160156,0.0,168,0
171,institutions,24,24,LSTM,n_bytes,388724296.62822014,61.966626472477714,0.09428975977849297,0.17381525039672852,0.0,168,0
172,institutions,24,24,LSTM,n_bytes,715463890.5344107,97.41109167197666,0.04516644316342011,0.20927953720092773,0.0,168,0
173,institutions,24,24,LSTM,n_bytes,1340837364.8473673,126.68044612443524,0.07323941791600941,0.12526369094848633,0.0,168,0
175,institutions,24,24,LSTM,n_bytes,1062533864.6229843,54.01375991758381,0.304252682244906,0.1340162754058838,0.0,168,0
176,institutions,24,24,LSTM,n_bytes,361846710.8682265,64.74741956608085,0.037780918188749846,0.14322113990783691,0.0,168,0
177,institutions,24,24,LSTM,n_bytes,87678558.12520383,139.38425509108677,-0.39500913256372283,0.19278383255004883,0.0,168,0
178,institutions,24,24,LSTM,n_bytes,433828654.8567486,44.465743805940086,0.21245288797273565,0.14324307441711426,0.0,168,0
179,institutions,24,24,LSTM,n_bytes,981527477.0746652,71.69075065386463,0.103613834435626,0.19447541236877441,0.0,168,0
180,institutions,24,24,LSTM,n_bytes,227896105.40226674,83.23230892802272,0.09047895653842208,0.11454248428344727,0.0,168,0
181,institutions,24,24,LSTM,n_bytes,1215955495.37212,111.40448066595718,0.019994901878916505,0.2366485595703125,0.0,168,0
182,institutions,24,24,LSTM,n_bytes,44771.73034435354,40.36633463242775,0.009719202726105602,0.12827610969543457,0.0,168,0
183,institutions,24,24,LSTM,n_bytes,137048887.44088212,122.10818446805096,0.18048185002769024,0.1598048210144043,0.0,168,0
184,institutions,24,24,LSTM,n_bytes,439332119.83194125,76.74643358617932,0.12449285770089413,0.14677882194519043,0.0,168,0
185,institutions,24,24,LSTM,n_bytes,231109935.29731593,92.81290720364,0.18301902175228713,0.3026306629180908,0.0,168,0
186,institutions,24,24,LSTM,n_bytes,343656581.9251854,71.99333656406984,0.08181093480848634,0.12408781051635742,0.0,168,0
187,institutions,24,24,LSTM,n_bytes,372114554.79196846,63.44534959003813,0.03305025590163524,0.1392381191253662,0.0,168,0
188,institutions,24,24,LSTM,n_bytes,177237962.5026779,68.20262947075183,0.0033143951766075874,0.1142568588256836,0.0,168,0
189,institutions,24,24,LSTM,n_bytes,411687431.9418988,146.8176840283127,0.1326229349228748,0.1202538013458252,0.0,168,0
190,institutions,24,24,LSTM,n_bytes,80775098.98754078,116.30299597705289,0.07093265488920564,0.11441636085510254,0.0,168,0
191,institutions,24,24,LSTM,n_bytes,149957644.2682626,86.87285584782212,0.09266121032774943,0.12545537948608398,0.0,168,0
192,institutions,24,24,LSTM,n_bytes,29454306.78445477,64.7708029132014,-0.34488683331232406,0.1547384262084961,0.0,168,0
193,institutions,24,24,LSTM,n_bytes,530324727.5812459,48.60911990952593,0.1849506619400061,0.3661632537841797,0.0,168,0
194,institutions,24,24,LSTM,n_bytes,218788883.19910446,106.5029586120026,0.05825435036719173,0.14650774002075195,0.0,168,0
195,institutions,24,24,LSTM,n_bytes,96657340.46732748,94.9411407516622,0.0546261085058527,0.1304638385772705,0.0,168,0
196,institutions,24,24,LSTM,n_bytes,223289415.43505204,107.73126136159996,0.21325519384647829,0.2785358428955078,0.0,168,0
197,institutions,24,24,LSTM,n_bytes,102526790.64040552,139.63710133932784,0.0594713445945787,0.21441268920898438,0.0,168,0
198,institutions,24,24,LSTM,n_bytes,436953229.7099183,105.03568162942275,-0.011425674533926289,0.09970211982727051,0.0,168,0
199,institutions,24,24,LSTM,n_bytes,460869762.7535429,95.36852929275372,0.13630235700901572,0.16956472396850586,0.0,168,0
200,institutions,24,24,LSTM,n_bytes,454338070.6521101,61.67601302513168,0.20744455684765495,0.15012884140014648,0.0,168,0
201,institutions,24,24,LSTM,n_bytes,624703403.6502825,108.49435787566759,0.009643782110519528,0.19140839576721191,0.0,168,0
202,institutions,24,24,LSTM,n_bytes,425210642.6425491,160.97119258469598,-0.6876663151231102,0.12407708168029785,0.0,168,0
203,institutions,24,24,LSTM,n_bytes,560411426.7555783,103.29621949206876,-0.14963310211621694,0.12467098236083984,0.0,168,0
204,institutions,24,24,LSTM,n_bytes,998821619.5931195,126.96522592455284,0.001292893495775771,0.0820462703704834,0.0,168,0
205,institutions,24,24,LSTM,n_bytes,300477018.6944375,91.8181803578221,0.1778400004459919,0.14610767364501953,0.0,168,0
206,institutions,24,24,LSTM,n_bytes,294370968.6287391,95.24464089205175,0.1640950652841443,0.1502525806427002,0.0,168,0
207,institutions,24,24,LSTM,n_bytes,160689404.93443605,144.1931566183226,0.27348933521320573,0.29556989669799805,0.0,168,0
208,institutions,24,24,LSTM,n_bytes,475499183.2687477,113.08861758444235,0.35759327788110584,0.38048267364501953,0.0,168,0
209,institutions,24,24,LSTM,n_bytes,741320793.3545065,56.3224612173452,0.053343549087492614,0.15588045120239258,0.0,168,0
210,institutions,24,24,LSTM,n_bytes,263435352.7977563,70.24159125479721,0.1837965067036864,0.2451467514038086,0.0,168,0
211,institutions,24,24,LSTM,n_bytes,416591237.708905,102.5405587015868,0.015384478848852967,0.16287708282470703,0.0,168,0
212,institutions,24,24,LSTM,n_bytes,170157288.911192,44.82838559448469,-0.12199171566811917,0.11039090156555176,0.0,168,0
213,institutions,24,24,LSTM,n_bytes,230948211.0088131,109.14002827124185,-0.007464502342447332,0.09046411514282227,0.0,168,0
214,institutions,24,24,LSTM,n_bytes,282327662.0021899,124.54432978082947,0.1793137323100923,0.21795415878295898,0.0,168,0
215,institutions,24,24,LSTM,n_bytes,891071918.2929637,101.15126959926755,-0.03113865067298227,0.09789776802062988,0.0,168,0
216,institutions,24,24,LSTM,n_bytes,164380422.88212878,86.8477960469344,0.2145894652789614,0.2260456085205078,0.0,168,0
217,institutions,24,24,LSTM,n_bytes,231807144.2735708,140.34723539325083,-0.17553272652069052,0.17209815979003906,0.0,168,0
218,institutions,24,24,LSTM,n_bytes,210992220.88506454,57.51266808071125,0.0286740380292011,0.24484014511108398,0.0,168,0
219,institutions,24,24,LSTM,n_bytes,299518685.42598575,111.51118581624928,0.2170780835740126,0.1748201847076416,0.0,168,0
220,institutions,24,24,LSTM,n_bytes,121902770.84690441,96.43485711703443,0.2065860921838808,0.12320899963378906,0.0,168,0
221,institutions,24,24,LSTM,n_bytes,90698741.8718905,111.27983814422929,0.13577470726741614,0.12586331367492676,0.0,168,0
222,institutions,24,24,LSTM,n_bytes,597190286.1173773,81.09081253914997,0.3432567472611052,0.22223162651062012,0.0,168,0
223,institutions,24,24,LSTM,n_bytes,207266116.80070448,129.36485765449788,0.22776457926766291,0.14156150817871094,0.0,168,0
224,institutions,24,24,LSTM,n_bytes,270534247.15926963,87.11303579405333,0.2985232278766956,0.24771666526794434,0.0,168,0
225,institutions,24,24,LSTM,n_bytes,789605849.7707461,71.06467880662339,0.04891867345699363,0.15895509719848633,0.0,168,0
226,institutions,24,24,LSTM,n_bytes,154308620.62103912,133.6111884587506,0.16630726986123734,0.21186089515686035,0.0,168,0
227,institutions,24,24,LSTM,n_bytes,397737349.1978849,71.86473194077206,0.011737610973472812,0.1644279956817627,0.0,168,0
228,institutions,24,24,LSTM,n_bytes,146483985.79737127,72.32645245064518,0.25806325511402295,0.3762991428375244,0.0,168,0
229,institutions,24,24,LSTM,n_bytes,533927123.9374314,61.21260132193781,0.052595306335712744,0.12363791465759277,0.0,168,0
230,institutions,24,24,LSTM,n_bytes,762369118.4534659,46.58693583684192,0.059471009652405704,0.13409090042114258,0.0,168,0
231,institutions,24,24,LSTM,n_bytes,200649717.3526842,111.14447288417838,0.07028909932230032,0.22729063034057617,0.0,168,0
232,institutions,24,24,LSTM,n_bytes,192722272.66257542,74.38518257552123,-0.016525437585708458,0.25253915786743164,0.0,168,0
233,institutions,24,24,LSTM,n_bytes,247101788.07062125,132.87667287403823,0.11295500270971492,0.19459176063537598,0.0,168,0
234,institutions,24,24,LSTM,n_bytes,321591269.6767345,65.54352957441748,0.030875444868806445,0.4008214473724365,0.0,168,0
235,institutions,24,24,LSTM,n_bytes,145169580.1328266,94.55925201207653,0.10335319685004096,0.1655902862548828,0.0,168,0
236,institutions,24,24,LSTM,n_bytes,1543292564.2870684,165.73667231843322,0.057987217508496336,0.4621140956878662,0.0,168,0
237,institutions,24,24,LSTM,n_bytes,243934346.412218,95.72741341899751,0.016616150139001196,0.19921135902404785,0.0,168,0
238,institutions,24,24,LSTM,n_bytes,414063199.8173903,65.10241670879569,-0.3349297766487127,0.10637092590332031,0.0,168,0
239,institutions,24,24,LSTM,n_bytes,227429713.66957673,113.90135475084098,0.2274950094099234,0.17546653747558594,0.0,168,0
240,institutions,24,24,LSTM,n_bytes,150378854.00502276,124.19499263989368,0.2526654730515866,0.4011080265045166,0.0,168,0
241,institutions,24,24,LSTM,n_bytes,154363071.35047558,115.0857502343776,0.003896535899302833,0.15961360931396484,0.0,168,0
242,institutions,24,24,LSTM,n_bytes,294915480.4606917,154.19901730230646,-0.004963382098130298,0.10815095901489258,0.0,168,0
243,institutions,24,24,LSTM,n_bytes,182226391.77020955,168.703169265582,-0.8652457029191776,0.15758681297302246,0.0,168,0
244,institutions,24,24,LSTM,n_bytes,339315546.66365135,146.74974344715952,0.24217800799449918,0.15291142463684082,0.0,168,0
245,institutions,24,24,LSTM,n_bytes,129999944.32092702,137.01802304851293,0.04819809935798525,0.17100787162780762,0.0,168,0
246,institutions,24,24,LSTM,n_bytes,290657475.7530068,156.6310628515485,-0.2497186879335629,0.11383390426635742,0.0,168,0
247,institutions,24,24,LSTM,n_bytes,102271152.7080526,141.92186706011626,0.046801914030425995,0.12055325508117676,0.0,168,0
248,institutions,24,24,LSTM,n_bytes,172152694.55331707,92.0422513248695,0.09580433599917859,0.1320648193359375,0.0,168,0
249,institutions,24,24,LSTM,n_bytes,159035215.46274194,151.66518914150305,0.06620723853155197,0.18302273750305176,0.0,168,0
250,institutions,24,24,LSTM,n_bytes,108496526.85076907,134.86246244544645,0.03495742597562257,0.09143304824829102,0.0,168,0
251,institutions,24,24,LSTM,n_bytes,105328152.252846,100.72596072646543,-0.04153535549361509,0.15688705444335938,0.0,168,0
252,institutions,24,24,LSTM,n_bytes,52733543.925995,134.24278770191805,-0.01633696590770528,0.11852526664733887,0.0,168,0
253,institutions,24,24,LSTM,n_bytes,60416336.354964696,116.54652620859154,0.07676525462381112,0.10653543472290039,0.0,168,0
254,institutions,24,24,LSTM,n_bytes,342931410.8116069,135.21169150906454,-0.03930859194603342,0.09678769111633301,0.0,168,0
255,institutions,24,24,LSTM,n_bytes,1000867853.2768631,131.08868165983782,-0.13401305667780594,0.1885538101196289,0.0,168,0
256,institutions,24,24,LSTM,n_bytes,73817632.04226507,110.35548314457917,-0.006779592512607291,0.09076094627380371,0.0,168,0
257,institutions,24,24,LSTM,n_bytes,206133250.8639881,127.02752305528924,0.06214815091810577,0.13557195663452148,0.0,168,0
258,institutions,24,24,LSTM,n_bytes,403257491.07618046,161.39729014619581,0.011279120656717434,0.0829610824584961,0.0,168,0
259,institutions,24,24,LSTM,n_bytes,188678409.08541748,109.35754864744125,-0.018941904838105428,0.22552061080932617,0.0,168,0
260,institutions,24,24,LSTM,n_bytes,163842068.35796463,152.42543914197785,0.008139345543012433,0.10618710517883301,0.0,168,0
261,institutions,24,24,LSTM,n_bytes,101842521.77414274,86.06780913583279,0.14605311254217324,0.12208962440490723,0.0,168,0
262,institutions,24,24,LSTM,n_bytes,9785.993170399248,30.35437754822207,-0.46970313692896437,0.12723660469055176,0.0,168,0
263,institutions,24,24,LSTM,n_bytes,15551528.663830401,141.0461374080534,0.004558862124221852,0.09302902221679688,0.0,168,0
264,institutions,24,24,LSTM,n_bytes,6802071.182384866,199.5129086243491,-47628598.30648969,0.09404921531677246,0.0,168,0
265,institutions,24,24,LSTM,n_bytes,48199120.58301033,134.6943180868665,0.09497273588786148,0.11977648735046387,0.0,168,0
266,institutions,24,24,LSTM,n_bytes,2139.2340216089747,52.633528029001255,-0.12543583032338756,0.33965182304382324,0.0,168,0
267,institutions,24,24,LSTM,n_bytes,1015.7141963022095,65.56998658655606,-0.12695545940542963,0.09374237060546875,0.0,168,0
268,institutions,24,24,LSTM,n_bytes,136441118.6563852,114.98206113929893,0.04725534816312271,0.09220433235168457,0.0,168,0
269,institutions,24,24,LSTM,n_bytes,80517560.31875691,142.4707687545466,-0.04225226740851018,0.0931086540222168,0.0,168,0
270,institutions,24,24,LSTM,n_bytes,2861.623744156161,58.00284044782953,-1.0181999942664746,0.14863133430480957,0.0,168,0
271,institutions,24,24,LSTM,n_bytes,32121.75490955666,40.5065820659672,0.0006681441011319178,0.250166654586792,0.0,168,0
272,institutions,24,24,LSTM,n_bytes,2520.2392947032754,36.20807884756667,-0.03851685407137162,0.2571885585784912,0.0,168,0
273,institutions,24,24,LSTM,n_bytes,32389918.68203304,142.9558258798559,-0.001865012069467209,0.11127257347106934,0.0,168,0
274,institutions,24,24,LSTM,n_bytes,100180046.65611042,150.426219330303,0.041164661313940476,0.10789108276367188,0.0,168,0
275,institutions,24,24,LSTM,n_bytes,12843.273080625038,33.33599177810792,-0.04805662394542165,0.29955315589904785,0.0,168,0
276,institutions,24,24,LSTM,n_bytes,355285086.90513,103.090253037431,-0.007725088427916749,0.08003520965576172,0.0,168,0
277,institutions,24,24,LSTM,n_bytes,47904547.49744552,189.5946097182264,-0.006112304808481017,0.3508780002593994,0.0,168,0
278,institutions,24,24,LSTM,n_bytes,1402943156.2827506,112.82908947953585,0.0022298569347279917,0.08150553703308105,0.0,168,0
279,institutions,24,24,LSTM,n_bytes,1601.303697090926,62.50882181804185,-0.051827549617710966,0.08577966690063477,0.0,168,0
280,institutions,24,24,LSTM,n_bytes,30290.86831413618,75.01117879535599,-0.002964585219610516,0.08974671363830566,0.0,168,0
281,institutions,24,24,LSTM,n_bytes,3547.4454755877164,48.705076764186074,-0.26726530679775196,0.08146119117736816,0.0,168,0
282,institutions,24,24,LSTM,n_bytes,32.82983104070429,200.0,0.0,0.25668859481811523,0.0,168,0
283,institutions,24,24,LSTM,n_bytes,1219.1699212926774,189.09779150699754,-6.5274388153447385,0.12879681587219238,0.0,168,0
284,institutions,24,24,LSTM,n_bytes,85613.55080656309,27.635869413717874,0.4339786965972835,0.14944887161254883,0.0,168,0
